,Species,Country.of.Origin,Harvest.Year,Variety,Processing.Method,Category.One.Defects,Quakers,Color,Category.Two.Defects,altitude_mean_meters,Total.Cup.Points
0,0,8,5,5,4,0,0.0,2,0,2075.0,9.0
1,0,8,5,15,4,0,0.0,2,1,2075.0,9.0
2,0,9,3,2,4,0,0.0,2,0,1700.0,9.0
3,0,8,5,5,0,0,0.0,2,2,2000.0,9.0
4,0,8,5,15,4,0,0.0,2,2,2075.0,9.0
5,0,0,4,5,0,0,0.0,1,1,1775.0305449954915,9.0
6,0,24,3,15,4,0,0.0,1,0,1775.0305449954915,9.0
7,0,8,1,5,4,0,0.0,2,0,1635.0,9.0
8,0,8,1,5,4,0,0.0,2,0,1635.0,9.0
9,0,8,5,15,0,0,0.0,2,4,1822.5,9.0
10,0,8,5,5,0,0,0.0,2,1,1905.0,9.0
11,0,31,5,15,4,0,0.0,2,0,1872.0,9.0
12,0,31,5,15,4,0,0.0,2,0,1943.0,9.0
13,0,32,1,5,4,0,0.0,2,2,609.6,9.0
14,0,8,1,5,4,0,0.0,2,2,1635.0,9.0
15,0,31,5,15,4,0,0.0,2,0,2080.0,9.0
16,0,13,3,5,4,0,0.0,2,0,1500.0,8.0
17,0,8,1,5,4,0,0.0,2,2,1775.0305449954915,8.0
18,0,2,6,3,4,0,0.0,2,0,1450.0,8.0
19,0,8,5,7,0,0,0.0,2,8,1850.0,8.0
20,0,31,5,15,4,0,0.0,2,0,2019.0,8.0
21,0,4,5,5,4,0,0.0,2,2,1300.0,8.0
22,0,19,3,15,4,0,0.0,2,0,1320.0,8.0
23,0,31,5,15,4,0,0.0,2,0,2112.0,8.0
24,0,8,4,5,0,0,0.0,1,1,1775.0305449954915,8.0
25,0,0,2,2,0,0,0.0,2,2,1250.0,8.0
26,0,8,1,5,4,0,0.0,2,2,1775.0305449954915,8.0
27,0,30,4,21,4,0,0.0,2,1,1950.0,8.0
28,0,11,7,5,4,0,0.0,2,3,1400.0,8.0
29,0,27,6,25,2,0,0.0,2,0,1200.0,8.0
30,0,21,3,5,4,0,0.0,2,2,1775.0305449954915,8.0
31,0,28,3,5,0,0,0.0,1,1,1775.0305449954915,8.0
32,0,0,2,2,0,0,0.0,2,2,1300.0,8.0
33,0,4,7,5,4,0,0.0,0,0,1300.0,8.0
34,0,8,5,5,0,0,0.0,2,3,1775.0,8.0
35,0,15,4,23,4,0,0.0,0,1,1800.0,8.0
36,0,32,3,9,0,1,0.0,2,4,1775.0305449954915,8.0
37,0,32,1,5,4,2,0.0,2,1,1775.0305449954915,8.0
38,0,8,1,5,4,0,0.0,2,2,1775.0305449954915,8.0
39,0,31,5,15,4,0,0.0,2,0,1941.0,8.0
40,0,29,3,5,4,1,0.0,2,9,1300.0,8.0
41,0,0,1,28,4,0,0.0,2,2,12.0,8.0
42,0,0,1,28,4,0,0.0,2,3,12.0,8.0
43,0,27,6,2,3,0,0.0,2,0,1000.0,8.0
44,0,15,5,22,0,0,0.0,1,2,1754.0,8.0
45,0,0,2,2,3,0,0.0,0,2,1250.0,8.0
46,0,30,5,5,3,0,0.0,2,0,1775.0305449954915,8.0
47,0,3,4,5,4,1,0.0,2,1,1200.0,8.0
48,0,15,4,22,4,0,0.0,2,1,1860.0,8.0
49,0,30,3,15,4,0,0.0,0,0,1650.0,8.0
50,0,8,1,5,4,0,0.0,2,4,1750.0,8.0
51,0,32,0,5,4,0,0.0,2,0,426.72,8.0
52,0,9,7,2,4,0,1.0,2,3,1775.0305449954915,8.0
53,0,30,4,21,0,0,0.0,2,0,1650.0,8.0
54,0,3,4,5,4,1,0.0,0,0,1800.0,8.0
55,0,22,8,8,4,0,1.0,1,0,1600.0,8.0
56,0,8,5,5,4,0,0.0,2,4,1900.0,8.0
57,0,9,3,2,4,0,0.0,2,3,1524.0,8.0
58,0,9,3,4,4,0,0.0,1,1,1417.32,8.0
59,0,8,8,5,0,0,4.0,2,7,1775.0305449954915,8.0
60,0,24,4,5,4,4,0.0,2,6,1775.0305449954915,8.0
61,0,23,3,5,4,0,0.0,1,1,1700.0,8.0
62,0,7,4,2,4,0,0.0,0,3,1500.0,8.0
63,0,7,3,2,3,0,0.0,2,0,1350.0,8.0
64,0,32,3,9,0,0,0.0,2,1,1775.0305449954915,8.0
65,0,22,5,5,0,2,0.0,2,2,1680.0,8.0
66,0,15,5,22,0,0,0.0,2,3,1900.0,8.0
67,0,8,6,15,0,0,0.0,2,7,1900.0,8.0
68,0,30,4,21,4,0,0.0,2,1,1600.0,8.0
69,0,9,4,2,4,0,0.0,2,1,1731.264,8.0
70,0,8,6,5,4,0,0.0,2,18,1900.0,8.0
71,0,30,4,21,4,0,0.0,2,5,1950.0,8.0
72,0,32,3,9,0,4,0.0,2,6,1775.0305449954915,8.0
73,0,0,2,2,3,0,0.0,0,1,1250.0,8.0
74,0,7,1,5,4,0,0.0,2,0,1400.0,8.0
75,0,2,6,3,0,0,0.0,2,0,1700.0,8.0
76,0,9,5,16,0,0,0.0,2,1,1770.0,8.0
77,0,4,5,5,4,0,0.0,1,0,1300.0,8.0
78,0,4,5,5,4,0,0.0,1,2,1300.0,8.0
79,0,15,3,23,4,0,0.0,2,2,1600.0,8.0
80,0,15,3,23,4,0,0.0,2,6,1200.0,8.0
81,0,8,1,5,4,0,0.0,2,2,1775.0305449954915,8.0
82,0,8,1,27,4,0,0.0,2,3,1775.0305449954915,8.0
83,0,9,7,2,4,0,2.0,2,2,1775.0305449954915,8.0
84,0,3,6,5,4,0,0.0,2,0,1550.0,8.0
85,0,3,5,5,0,0,0.0,2,2,1550.0,8.0
86,0,13,3,26,3,0,0.0,2,3,1325.0,8.0
87,0,9,3,5,4,0,0.0,2,7,1400.0,8.0
88,0,8,7,15,0,0,1.0,2,8,1775.0305449954915,8.0
89,0,3,6,5,0,0,0.0,2,0,2560.0,8.0
90,0,8,5,5,0,2,0.0,2,7,1700.0,8.0
91,0,32,5,9,0,2,0.0,1,2,1775.0305449954915,8.0
92,0,3,3,5,0,0,0.0,2,8,2136.0,8.0
93,0,32,2,5,4,1,0.0,2,7,1775.0305449954915,8.0
94,0,8,1,5,4,0,0.0,2,5,1775.0305449954915,8.0
95,0,32,3,5,4,0,0.0,2,0,1775.0305449954915,8.0
96,0,30,7,21,4,0,0.0,2,1,1800.0,8.0
97,0,3,7,5,4,0,0.0,2,3,1775.0305449954915,8.0
98,0,4,7,4,4,1,1.0,2,1,1900.0,8.0
99,0,19,6,27,4,0,0.0,2,3,1300.0,8.0
100,0,15,6,5,4,0,5.0,2,7,1.0,8.0
101,0,15,3,23,4,0,0.0,2,5,1580.0,8.0
102,0,0,3,14,0,0,0.0,2,3,1100.0,8.0
103,0,19,2,16,4,0,0.0,2,0,1400.0,8.0
104,0,32,3,5,4,0,0.0,2,1,1775.0305449954915,8.0
105,0,9,1,5,4,0,0.0,2,1,1325.88,8.0
106,0,3,7,5,4,1,6.0,2,2,1775.0305449954915,8.0
107,0,3,6,5,4,0,0.0,2,1,1775.0,8.0
108,0,27,6,27,3,0,0.0,2,0,800.0,8.0
109,0,28,5,15,4,0,0.0,2,2,1620.0,8.0
110,0,3,3,5,4,0,0.0,2,3,1775.0,8.0
111,0,19,3,27,3,0,0.0,2,0,1200.0,8.0
112,0,0,2,2,0,0,0.0,2,2,1200.0,8.0
113,0,0,2,4,0,0,0.0,2,2,1000.0,8.0
114,0,15,1,5,4,1,0.0,2,9,1775.0305449954915,8.0
115,0,27,7,27,0,0,0.0,2,0,350.0,8.0
116,0,30,4,21,0,0,0.0,2,1,1650.0,8.0
117,0,32,3,9,0,3,0.0,2,15,1775.0305449954915,8.0
118,0,8,1,5,4,0,0.0,2,2,1750.0,8.0
119,0,8,1,5,4,0,0.0,2,4,1750.0,8.0
120,0,29,6,5,2,0,0.0,2,0,1775.0305449954915,8.0
121,0,15,5,23,4,0,0.0,2,0,1800.0,8.0
122,0,11,5,4,4,0,0.0,2,4,1450.0,8.0
123,0,7,2,5,4,0,0.0,2,3,1200.0,8.0
124,0,21,1,5,4,0,0.0,2,2,925.0,8.0
125,0,7,7,2,4,0,0.0,0,2,1350.0,8.0
126,0,13,7,10,4,0,0.0,2,7,1200.0,8.0
127,0,14,3,14,2,0,0.0,2,0,170.0,8.0
128,0,4,6,4,4,0,0.0,0,2,1150.0,8.0
129,0,9,6,2,4,0,0.0,2,1,1600.0,8.0
130,0,4,5,5,4,0,0.0,2,0,1750.0,8.0
131,0,8,5,7,4,0,0.0,2,3,1900.0,8.0
132,0,4,5,15,1,0,0.0,2,1,1750.0,8.0
133,0,4,5,4,4,0,0.0,2,4,1200.0,8.0
134,0,4,3,5,4,1,0.0,2,10,1775.0305449954915,8.0
135,0,27,5,27,4,0,0.0,2,0,1000.0,8.0
136,0,3,4,5,4,0,0.0,2,0,1550.0,8.0
137,0,15,3,22,4,0,0.0,1,0,2000.0,8.0
138,0,9,3,2,4,0,0.0,2,4,1310.64,8.0
139,0,9,3,2,4,0,0.0,2,4,1524.0,8.0
140,0,19,3,27,4,0,0.0,2,3,1200.0,8.0
141,0,30,3,15,4,0,0.0,0,3,1775.0,8.0
142,0,24,3,5,4,0,0.0,2,3,1775.0305449954915,8.0
143,0,8,1,5,4,0,0.0,2,3,1750.0,8.0
144,0,15,3,23,4,0,0.0,0,5,1754.0,8.0
145,0,3,7,15,4,0,0.0,0,4,1500.0,8.0
146,0,3,7,5,4,0,1.0,2,5,1775.0305449954915,8.0
147,0,15,4,19,4,0,0.0,1,2,1800.0,8.0
148,0,9,5,17,4,0,0.0,2,1,1524.0,8.0
149,0,9,5,2,4,0,0.0,2,0,1219.2,8.0
150,0,3,4,5,4,0,0.0,2,0,1550.0,8.0
151,0,3,4,5,4,0,0.0,2,5,1750.0,8.0
152,0,15,4,22,4,0,0.0,2,0,1775.0305449954915,8.0
153,0,3,3,5,4,0,0.0,2,2,1750.0,8.0
154,0,4,3,2,3,0,0.0,1,2,1575.0,8.0
155,0,3,3,5,4,0,0.0,2,6,1800.0,8.0
156,0,0,2,2,3,0,0.0,2,2,1300.0,8.0
157,0,0,2,4,3,0,0.0,0,1,1100.0,8.0
158,0,4,9,5,4,0,0.0,1,2,1200.0,8.0
159,0,30,7,21,4,0,0.0,2,1,1750.0,8.0
160,0,2,6,3,4,0,0.0,2,1,1680.0,8.0
161,0,4,5,5,4,0,0.0,2,0,1700.0,8.0
162,0,3,7,15,4,1,0.0,2,0,1800.0,8.0
163,0,2,4,15,4,0,0.0,2,2,1100.0,8.0
164,0,9,4,2,4,0,0.0,2,2,1310.64,8.0
165,0,15,3,22,4,0,0.0,0,0,2000.0,8.0
166,0,19,3,27,4,0,0.0,2,0,1350.0,8.0
167,0,19,3,27,4,0,0.0,2,4,1500.0,8.0
168,0,9,3,2,4,0,0.0,2,2,1775.0305449954915,8.0
169,0,0,3,5,4,0,0.0,2,4,1775.0305449954915,8.0
170,0,0,3,5,4,2,0.0,2,0,1775.0305449954915,8.0
171,0,4,7,5,4,0,0.0,0,3,1300.0,7.0
172,0,13,8,11,1,0,0.0,0,3,1400.0,7.0
173,0,3,7,5,0,0,0.0,2,1,1775.0305449954915,7.0
174,0,3,5,5,4,0,0.0,2,3,1775.0,7.0
175,0,27,3,27,4,0,0.0,0,0,1200.0,7.0
176,0,32,3,9,0,0,0.0,0,1,1775.0305449954915,7.0
177,0,19,3,16,4,2,0.0,2,4,900.0,7.0
178,0,8,1,5,4,0,0.0,2,2,1775.0305449954915,7.0
179,0,15,9,22,4,0,0.0,2,4,1800.0,7.0
180,0,11,7,5,4,0,0.0,2,3,1500.0,7.0
181,0,3,7,5,4,0,3.0,2,5,1775.0305449954915,7.0
182,0,11,7,4,4,0,1.0,2,2,1500.0,7.0
183,0,3,7,5,4,0,2.0,2,4,1775.0305449954915,7.0
184,0,3,6,5,0,6,0.0,2,0,442.0,7.0
185,0,3,4,5,4,0,0.0,2,0,1800.0,7.0
186,0,19,3,27,4,0,0.0,0,1,1700.0,7.0
187,0,0,2,28,4,0,0.0,2,4,1275.0,7.0
188,0,0,2,5,4,0,0.0,2,2,1050.0,7.0
189,0,8,3,5,4,0,0.0,2,1,1493.52,7.0
190,0,9,1,5,4,1,0.0,2,1,1386.84,7.0
191,0,27,7,27,4,0,0.0,0,0,1000.0,7.0
192,0,29,6,3,0,0,0.0,2,0,1200.0,7.0
193,0,3,7,5,0,0,0.0,2,2,2560.0,7.0
194,0,9,7,5,4,0,4.0,2,4,1500.0,7.0
195,0,9,6,5,4,0,0.0,2,1,1099.4136,7.0
196,0,2,6,3,0,0,0.0,2,1,1400.0,7.0
197,0,3,6,5,4,0,0.0,2,3,1775.0,7.0
198,0,3,6,5,4,4,0.0,2,2,1775.0,7.0
199,0,3,7,15,4,0,0.0,2,0,1800.0,7.0
200,0,3,6,5,0,3,0.0,2,0,442.0,7.0
201,0,28,5,15,4,0,0.0,2,7,1620.0,7.0
202,0,28,5,15,4,0,0.0,2,2,1600.0,7.0
203,0,9,5,2,1,0,0.0,2,1,1219.2,7.0
204,0,3,4,5,4,0,0.0,2,2,1700.0,7.0
205,0,32,3,9,0,1,0.0,1,1,1775.0305449954915,7.0
206,0,19,3,27,3,0,0.0,2,1,1450.0,7.0
207,0,19,3,2,4,0,0.0,2,0,1170.0,7.0
208,0,19,3,2,4,0,0.0,1,4,1400.0,7.0
209,0,30,3,15,0,4,0.0,2,29,1700.0,7.0
210,0,9,8,2,4,0,0.0,2,1,1700.0,7.0
211,0,3,7,5,4,0,0.0,2,2,1775.0305449954915,7.0
212,0,4,7,5,4,0,0.0,1,2,1700.0,7.0
213,0,9,7,5,4,0,0.0,2,6,1116.7872,7.0
214,0,9,7,5,4,0,1.0,2,10,1565.0,7.0
215,0,9,7,2,4,0,0.0,2,2,3280.0,7.0
216,0,3,6,5,4,0,0.0,1,0,1775.0,7.0
217,0,21,6,5,0,0,0.0,1,0,1000.0,7.0
218,0,0,6,4,0,0,0.0,2,16,1150.0,7.0
219,0,4,5,5,4,0,0.0,0,0,1850.0,7.0
220,0,8,5,8,0,0,0.0,2,5,1606.5,7.0
221,0,28,5,15,4,0,0.0,2,0,1400.0,7.0
222,0,3,6,15,4,0,0.0,2,4,1530.0,7.0
223,0,9,4,5,4,0,0.0,1,0,1775.0305449954915,7.0
224,0,15,4,22,4,0,0.0,2,0,250.5,7.0
225,0,0,3,14,0,0,0.0,2,3,1038.5,7.0
226,0,9,4,2,4,0,0.0,2,4,1310.64,7.0
227,0,7,4,2,0,0,0.0,1,2,1500.0,7.0
228,0,3,3,5,4,0,0.0,2,2,1750.0,7.0
229,0,9,3,4,0,0,0.0,1,2,1775.0305449954915,7.0
230,0,30,3,15,4,0,0.0,2,1,1600.0,7.0
231,0,13,8,11,0,0,0.0,1,0,1775.0305449954915,7.0
232,0,3,9,5,4,1,3.0,2,3,442.0,7.0
233,0,27,7,27,4,0,0.0,1,4,968.0,7.0
234,0,9,7,2,4,0,0.0,2,4,1775.0305449954915,7.0
235,0,3,5,5,4,0,0.0,2,2,1775.0,7.0
236,0,9,5,2,4,0,0.0,1,10,1550.0,7.0
237,0,32,3,9,0,1,0.0,2,9,1775.0305449954915,7.0
238,0,19,3,27,4,1,0.0,2,10,1480.0,7.0
239,0,8,3,15,0,0,0.0,2,15,1800.0,7.0
240,0,4,8,5,4,1,2.0,2,13,1775.0305449954915,7.0
241,0,8,8,8,0,3,11.0,2,1,1800.0,7.0
242,0,11,8,5,4,0,0.0,2,5,1500.0,7.0
243,0,9,6,5,4,0,0.0,2,7,1706.88,7.0
244,0,3,6,15,4,2,0.0,2,7,1600.0,7.0
245,0,9,5,2,0,0,0.0,2,1,1219.2,7.0
246,0,9,5,2,1,0,0.0,2,0,1219.2,7.0
247,0,3,5,5,4,0,0.0,2,0,1480.0,7.0
248,0,3,5,5,0,0,0.0,2,0,1450.0,7.0
249,0,3,5,5,4,0,0.0,2,3,1775.0,7.0
250,0,8,4,15,0,4,0.0,2,40,1550.0,7.0
251,0,0,5,28,0,0,0.0,2,0,1260.0,7.0
252,0,3,4,5,4,0,0.0,2,1,1700.0,7.0
253,0,15,3,23,4,0,0.0,2,2,1200.0,7.0
254,0,29,3,15,4,0,0.0,2,0,1775.0305449954915,7.0
255,0,15,3,22,4,0,0.0,1,0,1650.0,7.0
256,0,30,3,15,4,10,0.0,2,26,1700.0,7.0
257,0,29,2,5,4,0,0.0,2,0,1775.0305449954915,7.0
258,0,0,9,2,0,0,0.0,2,3,890.0,7.0
259,0,19,8,14,4,0,0.0,2,5,1300.0,7.0
260,0,29,6,3,0,0,0.0,1,1,1350.0,7.0
261,0,0,7,2,0,0,2.0,2,7,934.0,7.0
262,0,27,6,27,4,0,0.0,2,3,1200.0,7.0
263,0,3,7,5,4,1,0.0,2,2,442.0,7.0
264,0,3,7,5,4,1,3.0,2,5,1775.0305449954915,7.0
265,0,27,5,5,0,0,0.0,0,0,1775.0305449954915,7.0
266,0,3,6,5,4,0,0.0,2,0,1775.0305449954915,7.0
267,0,3,5,5,4,1,0.0,2,1,1775.0305449954915,7.0
268,0,3,5,5,4,0,0.0,2,1,1775.0,7.0
269,0,27,5,27,4,0,0.0,2,0,950.0,7.0
270,0,3,5,5,0,0,0.0,2,3,1550.0,7.0
271,0,19,3,27,4,10,0.0,0,32,900.0,7.0
272,0,19,3,27,4,0,0.0,2,2,1500.0,7.0
273,0,19,3,27,4,0,0.0,2,2,1400.0,7.0
274,0,3,8,5,4,1,0.0,2,6,2527.0,7.0
275,0,3,7,5,4,1,2.0,2,0,1775.0305449954915,7.0
276,0,4,6,5,4,0,0.0,0,0,1850.0,7.0
277,0,9,7,2,4,0,7.0,2,6,1500.0,7.0
278,0,27,7,5,4,0,0.0,2,0,1200.0,7.0
279,0,0,7,28,0,0,0.0,2,0,1.0,7.0
280,0,27,5,27,4,0,0.0,2,1,525.0,7.0
281,0,8,5,5,0,0,0.0,2,4,1676.5,7.0
282,0,0,6,2,3,0,0.0,2,1,1200.0,7.0
283,0,4,4,4,4,0,0.0,2,3,1300.0,7.0
284,0,9,5,2,4,0,0.0,2,1,1219.2,7.0
285,0,0,5,28,0,0,0.0,2,0,1260.0,7.0
286,0,6,4,5,0,0,0.0,1,0,800.0,7.0
287,0,3,4,5,4,0,0.0,2,1,1750.0,7.0
288,0,9,4,2,4,0,0.0,2,3,1310.64,7.0
289,0,19,3,2,0,0,0.0,2,2,1218.0,7.0
290,0,19,3,17,0,0,0.0,2,4,1300.0,7.0
291,0,0,3,28,3,0,0.0,2,3,1250.0,7.0
292,0,29,2,5,4,0,0.0,2,2,1499.9208,7.0
293,0,29,2,5,4,0,0.0,2,0,1775.0305449954915,7.0
294,0,8,1,5,4,0,0.0,2,3,1775.0305449954915,7.0
295,0,15,3,22,4,0,0.0,2,2,1800.0,7.0
296,0,0,9,2,0,0,0.0,2,5,890.0,7.0
297,0,3,8,5,4,0,0.0,2,1,442.0,7.0
298,0,27,7,27,0,0,0.0,2,0,750.0,7.0
299,0,3,7,5,4,1,0.0,2,4,1775.0305449954915,7.0
300,0,2,6,3,4,0,1.0,2,2,1650.0,7.0
301,0,3,7,5,0,0,0.0,2,0,442.0,7.0
302,0,30,4,2,0,0,0.0,2,0,1400.0,7.0
303,0,33,4,15,4,0,0.0,2,1,853.44,7.0
304,0,3,5,5,4,0,0.0,2,5,1775.0,7.0
305,0,3,5,15,4,0,0.0,2,3,1550.0,7.0
306,0,3,4,5,4,0,0.0,0,1,1750.0,7.0
307,0,3,4,5,4,0,0.0,2,3,1750.0,7.0
308,0,32,4,9,0,0,0.0,1,0,1775.0305449954915,7.0
309,0,19,3,5,0,5,0.0,2,5,700.0,7.0
310,0,9,3,5,4,0,0.0,1,1,1300.0,7.0
311,0,3,2,5,4,0,0.0,2,1,1600.0,7.0
312,0,3,1,5,4,0,0.0,2,1,1600.0,7.0
313,0,32,3,5,4,0,0.0,2,0,1775.0305449954915,7.0
314,0,0,9,2,0,0,0.0,2,2,890.0,7.0
315,0,15,8,22,4,0,0.0,1,0,1700.0,7.0
316,0,11,7,5,4,0,0.0,2,2,1400.0,7.0
317,0,21,7,5,4,0,0.0,2,3,1250.0,7.0
318,0,0,7,2,0,0,2.0,2,3,934.0,7.0
319,0,27,6,5,0,0,0.0,1,0,1200.0,7.0
320,0,4,3,5,4,0,0.0,0,1,1350.0,7.0
321,0,29,5,5,4,0,0.0,1,0,800.0,7.0
322,0,3,6,5,4,0,0.0,2,4,1625.0,7.0
323,0,9,5,2,4,0,0.0,2,0,1356.6648,7.0
324,0,3,4,5,4,0,0.0,2,3,1750.0,7.0
325,0,3,4,5,4,0,0.0,2,1,1900.0,7.0
326,0,9,4,2,4,1,0.0,2,3,1310.64,7.0
327,0,9,4,2,4,0,0.0,2,2,1310.64,7.0
328,0,3,3,5,4,0,0.0,2,1,1750.0,7.0
329,0,9,3,5,0,0,0.0,2,1,1450.0,7.0
330,0,9,3,2,4,0,0.0,2,13,1310.64,7.0
331,0,19,3,27,4,4,0.0,2,11,1100.0,7.0
332,0,13,3,27,4,0,0.0,2,0,1400.0,7.0
333,0,9,3,5,4,0,0.0,2,0,1524.0,7.0
334,0,32,3,5,4,0,0.0,2,0,1775.0305449954915,7.0
335,0,0,9,2,0,0,0.0,2,5,890.0,7.0
336,0,9,7,5,4,0,1.0,2,0,1128.3696,7.0
337,0,3,7,5,4,0,0.0,2,4,1775.0305449954915,7.0
338,0,2,6,3,4,0,1.0,2,4,1100.0,7.0
339,0,3,6,5,4,0,0.0,2,3,1775.0,7.0
340,0,19,5,5,4,1,0.0,2,13,1200.0,7.0
341,0,8,5,15,4,0,0.0,2,7,1850.0,7.0
342,0,30,4,21,4,0,0.0,2,5,1800.0,7.0
343,0,3,5,5,0,0,0.0,2,0,1600.0,7.0
344,0,3,5,5,4,0,0.0,2,1,1550.0,7.0
345,0,3,5,5,4,0,0.0,2,0,1550.0,7.0
346,0,27,5,27,1,0,0.0,2,0,1000.0,7.0
347,0,3,3,5,4,0,0.0,2,3,1775.0,7.0
348,0,19,3,27,4,0,0.0,2,2,1000.0,7.0
349,0,3,3,5,0,0,0.0,2,4,2136.0,7.0
350,0,0,3,4,3,0,0.0,0,2,1100.0,7.0
351,0,3,7,5,4,0,0.0,1,5,1799.0,7.0
352,0,27,8,5,4,0,0.0,0,0,1775.0305449954915,7.0
353,0,4,6,5,4,0,0.0,0,0,1850.0,7.0
354,0,3,7,5,0,0,0.0,2,0,1000.0,7.0
355,0,9,7,2,4,0,2.0,1,5,1219.2,7.0
356,0,3,6,5,4,0,0.0,2,4,1775.0,7.0
357,0,28,6,20,4,0,0.0,2,21,1400.0,7.0
358,0,13,6,25,3,0,0.0,1,8,1500.0,7.0
359,0,8,5,5,0,1,0.0,2,18,1600.0,7.0
360,0,3,5,5,4,1,0.0,2,0,1775.0305449954915,7.0
361,0,3,5,5,4,0,0.0,2,0,1850.0,7.0
362,0,9,4,5,4,0,0.0,2,0,1400.0,7.0
363,0,3,5,5,4,2,0.0,2,0,1650.0,7.0
364,0,11,6,5,0,0,0.0,2,3,1350.0,7.0
365,0,3,4,5,4,1,0.0,2,1,1750.0,7.0
366,0,3,4,5,4,0,0.0,2,2,1750.0,7.0
367,0,19,3,2,0,0,0.0,2,14,1170.0,7.0
368,0,19,3,27,3,0,0.0,2,12,940.0,7.0
369,0,19,3,16,4,0,0.0,2,0,1400.0,7.0
370,0,9,3,5,4,0,0.0,2,5,1524.0,7.0
371,0,3,3,5,4,0,0.0,2,0,1775.0,7.0
372,0,9,3,2,4,3,0.0,2,12,1402.08,7.0
373,0,32,3,5,4,0,0.0,2,0,1775.0305449954915,7.0
374,0,13,1,5,4,0,0.0,2,0,1600.0,7.0
375,0,3,9,5,4,0,2.0,2,1,439.0,7.0
376,0,9,8,2,4,0,0.0,2,3,1700.0,7.0
377,0,3,7,5,4,0,0.0,2,2,442.0,7.0
378,0,4,7,5,4,0,0.0,0,4,1850.0,7.0
379,0,27,6,5,4,0,0.0,0,0,1775.0305449954915,7.0
380,0,30,6,21,4,0,0.0,2,1,1800.0,7.0
381,0,29,6,3,4,0,0.0,1,0,1200.0,7.0
382,0,7,7,2,4,0,0.0,2,0,1330.0,7.0
383,0,3,6,5,0,4,0.0,2,0,442.0,7.0
384,0,0,5,28,3,0,0.0,2,6,1775.0305449954915,7.0
385,0,28,5,2,4,0,0.0,2,4,1600.0,7.0
386,0,3,6,5,4,0,0.0,2,1,1813.0,7.0
387,0,9,4,2,0,0,0.0,2,1,1219.2,7.0
388,0,9,5,5,4,0,0.0,2,2,1500.0,7.0
389,0,9,4,2,4,0,0.0,2,0,1310.64,7.0
390,0,32,3,9,0,0,0.0,2,2,1775.0305449954915,7.0
391,0,3,3,5,4,0,0.0,2,2,1450.0,7.0
392,0,3,3,5,4,1,0.0,2,3,1775.0305449954915,7.0
393,0,32,1,5,4,0,0.0,2,0,1775.0305449954915,7.0
394,0,29,3,19,4,0,0.0,2,0,1775.0305449954915,7.0
395,0,19,3,5,4,2,0.0,2,4,1050.0,7.0
396,0,3,7,5,4,0,1.0,2,0,1650.0,7.0
397,0,3,7,5,4,0,0.0,0,0,1775.0305449954915,7.0
398,0,3,7,5,4,1,0.0,2,2,1775.0305449954915,7.0
399,0,0,7,4,3,1,0.0,2,5,1227.0,7.0
400,0,19,5,5,4,0,0.0,2,2,1200.0,7.0
401,0,3,6,5,4,0,0.0,2,1,1650.0,7.0
402,0,28,5,15,3,0,0.0,2,6,1700.0,7.0
403,0,19,4,15,4,0,0.0,2,0,1100.0,7.0
404,0,4,5,5,4,0,0.0,2,3,1300.0,7.0
405,0,32,5,9,0,0,0.0,1,1,1775.0305449954915,7.0
406,0,4,4,4,4,0,0.0,2,3,1200.0,7.0
407,0,24,4,5,4,0,0.0,2,5,1775.0305449954915,7.0
408,0,10,3,27,4,0,0.0,2,4,1280.16,7.0
409,0,3,4,5,0,0,0.0,2,1,1000.0,7.0
410,0,9,4,2,4,0,0.0,2,3,1310.64,7.0
411,0,32,3,9,0,0,0.0,1,4,1775.0305449954915,7.0
412,0,1,3,2,4,0,0.0,2,5,1880.0,7.0
413,0,3,3,5,4,0,0.0,2,1,1750.0,7.0
414,0,32,3,5,4,0,0.0,2,0,1775.0305449954915,7.0
415,0,32,3,5,4,0,0.0,2,0,1775.0305449954915,7.0
416,0,19,8,27,4,0,0.0,0,0,1600.0,7.0
417,0,4,7,4,2,0,0.0,2,0,1900.0,7.0
418,0,4,6,5,4,0,0.0,2,0,1775.0305449954915,7.0
419,0,9,7,17,4,0,2.0,2,7,2100.0,7.0
420,0,30,6,21,4,0,0.0,2,1,1775.0305449954915,7.0
421,0,0,7,5,4,0,0.0,2,4,1775.0305449954915,7.0
422,0,3,7,5,0,0,0.0,2,2,442.0,7.0
423,0,19,6,27,0,0,0.0,1,2,1261.0,7.0
424,0,27,6,2,4,0,0.0,0,0,1000.0,7.0
425,0,27,5,27,4,0,0.0,2,0,800.0,7.0
426,0,3,5,5,0,0,0.0,2,0,1483.0,7.0
427,0,9,5,5,4,0,0.0,2,1,1500.0,7.0
428,0,3,4,5,4,0,0.0,2,1,1750.0,7.0
429,0,19,4,2,4,0,0.0,2,6,1300.0,7.0
430,0,32,3,9,0,0,0.0,1,4,1775.0305449954915,7.0
431,0,19,3,14,4,0,0.0,2,7,1775.0305449954915,7.0
432,0,19,3,5,4,0,0.0,0,0,1000.0,7.0
433,0,9,3,2,4,0,0.0,2,9,1310.64,7.0
434,0,0,3,28,3,0,0.0,0,1,1200.0,7.0
435,0,3,3,5,4,0,0.0,2,1,175.0,7.0
436,0,3,3,5,4,0,0.0,2,0,1775.0,7.0
437,0,3,2,5,4,0,0.0,2,0,1700.0,7.0
438,0,3,1,5,4,0,0.0,2,1,1880.0,7.0
439,0,3,1,5,4,0,0.0,2,1,1800.0,7.0
440,0,0,9,2,0,0,0.0,2,4,890.0,7.0
441,0,9,8,2,4,0,0.0,2,1,1901.0,7.0
442,0,28,7,2,4,0,0.0,2,3,168.0,7.0
443,0,24,8,5,4,0,1.0,2,0,1775.0305449954915,7.0
444,0,34,8,3,0,0,0.0,2,0,1550.0,7.0
445,0,9,7,5,4,2,2.0,2,3,1500.0,7.0
446,0,11,7,4,4,0,1.0,0,1,1450.0,7.0
447,0,2,6,3,4,0,0.0,2,0,1200.0,7.0
448,0,2,6,3,4,0,0.0,2,3,1600.0,7.0
449,0,7,7,2,4,0,0.0,2,0,1350.0,7.0
450,0,9,6,2,4,0,0.0,2,1,1500.0,7.0
451,0,9,6,2,4,0,0.0,2,3,1650.0,7.0
452,0,15,5,22,4,0,0.0,1,1,250.5,7.0
453,0,29,5,5,4,0,0.0,1,0,800.0,7.0
454,0,28,5,15,4,0,0.0,1,6,1653.0,7.0
455,0,3,5,5,4,0,0.0,2,4,1775.0,7.0
456,0,30,5,21,4,0,0.0,1,0,1800.0,7.0
457,0,3,5,5,4,10,0.0,2,3,1775.0305449954915,7.0
458,0,11,4,4,0,0,0.0,2,5,1450.0,7.0
459,0,11,6,5,0,0,0.0,2,3,1350.0,7.0
460,0,9,5,4,4,0,0.0,2,1,1524.0,7.0
461,0,32,4,9,0,0,0.0,1,0,1775.0305449954915,7.0
462,0,28,5,2,4,0,0.0,2,1,1800.0,7.0
463,0,9,4,2,4,0,0.0,2,2,1310.64,7.0
464,0,19,4,27,4,0,0.0,2,2,1500.0,7.0
465,0,19,3,27,4,3,0.0,2,8,532.0,7.0
466,0,19,3,16,4,0,0.0,2,10,1089.0,7.0
467,0,3,3,5,4,1,0.0,2,2,1775.0,7.0
468,0,19,3,27,4,0,0.0,2,5,700.0,7.0
469,0,3,3,5,4,0,0.0,0,0,1750.0,7.0
470,0,19,3,27,4,0,0.0,2,5,1380.0,7.0
471,0,0,3,14,0,0,0.0,2,1,1000.0,7.0
472,0,0,3,14,0,0,0.0,2,4,950.0,7.0
473,0,9,3,2,4,0,0.0,2,10,1402.08,7.0
474,0,0,2,14,3,0,0.0,0,3,1000.0,7.0
475,0,0,2,5,4,0,0.0,2,2,900.0,7.0
476,0,7,2,5,4,0,0.0,2,3,1200.0,7.0
477,0,8,3,5,4,0,0.0,2,0,1850.0,7.0
478,0,3,7,5,4,0,1.0,2,4,1799.0,7.0
479,0,3,7,5,4,1,2.0,2,5,1775.0305449954915,7.0
480,0,0,6,28,2,0,2.0,1,2,905.0,7.0
481,0,0,7,28,0,0,0.0,2,3,1.0,7.0
482,0,27,6,27,0,0,0.0,2,0,750.0,7.0
483,0,0,6,14,0,0,0.0,2,13,1775.0305449954915,7.0
484,0,0,6,2,4,0,0.0,2,1,1200.0,7.0
485,0,4,5,4,4,0,0.0,2,3,1300.0,7.0
486,0,32,4,9,0,0,0.0,1,8,1775.0305449954915,7.0
487,0,27,5,27,1,0,0.0,2,0,1300.0,7.0
488,0,32,3,9,0,0,0.0,1,0,1775.0305449954915,7.0
489,0,19,3,15,4,0,0.0,2,1,1400.0,7.0
490,0,32,3,9,0,1,0.0,2,4,1775.0305449954915,7.0
491,0,32,3,9,4,0,0.0,2,0,1775.0305449954915,7.0
492,0,3,3,5,4,0,0.0,2,0,1775.0,7.0
493,0,3,1,5,4,1,0.0,2,3,1880.0,7.0
494,0,13,1,5,4,0,0.0,2,0,1350.0,7.0
495,0,9,3,5,4,0,0.0,2,1,1775.0305449954915,7.0
496,0,0,9,2,0,0,0.0,2,4,890.0,7.0
497,0,0,7,2,0,0,3.0,2,5,894.0,7.0
498,0,0,7,2,0,0,2.0,1,3,872.0,7.0
499,0,30,6,2,4,0,0.0,2,6,1473.0,7.0
500,0,30,6,2,0,0,5.0,2,8,1645.0,7.0
501,0,3,7,5,4,0,0.0,2,4,442.0,7.0
502,0,34,5,5,1,0,0.0,2,0,1550.0,7.0
503,0,9,6,4,4,0,0.0,2,3,1550.0,7.0
504,0,9,6,4,4,0,0.0,2,2,1371.6,7.0
505,0,9,6,2,4,0,0.0,2,2,1500.0,7.0
506,0,0,5,4,0,0,0.0,2,0,1000.0,7.0
507,0,27,5,27,4,0,0.0,2,0,1200.0,7.0
508,0,30,4,21,4,0,0.0,2,0,1800.0,7.0
509,0,33,4,15,4,0,0.0,1,0,853.44,7.0
510,0,9,5,2,4,1,0.0,2,0,1500.0,7.0
511,0,4,4,4,4,0,0.0,2,3,1200.0,7.0
512,0,0,5,28,3,0,0.0,1,4,1250.0,7.0
513,0,3,4,5,4,1,0.0,2,1,1775.0,7.0
514,0,3,4,5,4,0,0.0,2,0,1750.0,7.0
515,0,3,4,5,0,0,0.0,2,1,1000.0,7.0
516,0,3,4,5,0,0,0.0,2,2,1000.0,7.0
517,0,3,3,5,4,1,0.0,2,2,1775.0,7.0
518,0,19,3,27,4,0,0.0,2,20,750.0,7.0
519,0,19,3,27,3,0,0.0,2,7,1200.0,7.0
520,0,19,3,2,4,5,0.0,2,8,1200.0,7.0
521,0,3,3,0,0,1,0.0,2,4,1775.0305449954915,7.0
522,0,3,3,5,4,0,0.0,2,4,1625.0,7.0
523,0,3,3,5,4,0,0.0,2,0,1750.0,7.0
524,0,9,3,2,4,0,0.0,2,2,1371.6,7.0
525,0,3,2,5,4,0,0.0,1,0,1775.0,7.0
526,0,29,2,5,4,0,0.0,2,0,1775.0305449954915,7.0
527,0,3,3,5,4,0,0.0,2,1,1450.0,7.0
528,0,32,3,5,4,0,0.0,2,0,1775.0305449954915,7.0
529,0,32,3,5,4,0,0.0,2,1,1775.0305449954915,7.0
530,0,3,2,5,4,0,0.0,2,2,1800.0,7.0
531,0,21,1,5,4,0,0.0,2,0,1775.0305449954915,7.0
532,0,29,3,5,4,0,0.0,2,0,1775.0305449954915,7.0
533,0,0,9,2,0,0,0.0,2,0,890.0,7.0
534,0,7,8,2,4,0,0.0,2,1,1350.0,7.0
535,0,3,8,5,4,0,0.0,2,1,1500.0,7.0
536,0,27,7,5,0,31,0.0,2,0,350.0,7.0
537,0,8,7,6,4,1,0.0,1,20,2000.0,7.0
538,0,27,5,27,0,0,0.0,2,9,775.0,7.0
539,0,25,6,15,4,0,0.0,0,1,1200.0,7.0
540,0,25,5,15,4,0,0.0,1,0,1600.0,7.0
541,0,19,6,27,0,0,0.0,0,3,1059.0,7.0
542,0,19,6,2,4,2,0.0,1,8,1300.0,7.0
543,0,0,6,13,3,0,0.0,2,16,11000.0,7.0
544,0,30,4,21,4,0,0.0,2,0,1650.0,7.0
545,0,30,4,21,4,0,0.0,2,4,1400.0,7.0
546,0,9,5,2,4,0,0.0,2,1,1500.0,7.0
547,0,9,5,5,0,0,0.0,2,2,1500.0,7.0
548,0,9,3,5,4,0,0.0,2,4,1775.0305449954915,7.0
549,0,3,4,5,4,0,0.0,2,2,1900.0,7.0
550,0,3,4,5,0,0,0.0,1,0,1750.0,7.0
551,0,9,4,2,4,0,0.0,2,2,1706.88,7.0
552,0,3,4,15,4,3,0.0,2,5,1450.0,7.0
553,0,19,3,27,0,0,0.0,2,4,1248.0,7.0
554,0,34,3,15,0,0,0.0,2,17,1040.0,7.0
555,0,19,3,27,4,1,0.0,2,4,1400.0,7.0
556,0,32,3,9,4,0,0.0,2,0,1775.0305449954915,7.0
557,0,3,2,5,4,0,0.0,2,0,1450.0,7.0
558,0,29,3,5,4,0,0.0,2,0,1775.0305449954915,7.0
559,0,15,8,22,4,0,0.0,2,3,1754.0,7.0
560,0,9,8,2,4,1,1.0,2,2,1700.0,7.0
561,0,0,6,28,2,0,2.0,1,2,905.0,7.0
562,0,7,7,17,4,0,0.0,2,4,1250.0,7.0
563,0,26,6,2,4,0,0.0,1,0,1900.0,7.0
564,0,34,5,15,1,11,0.0,2,0,1040.0,7.0
565,0,9,6,2,4,0,0.0,2,2,1219.2,7.0
566,0,0,6,4,0,2,0.0,2,6,900.0,7.0
567,0,3,5,15,4,0,0.0,2,1,1600.0,7.0
568,0,31,5,15,1,0,0.0,2,9,1200.0,7.0
569,0,9,5,2,4,0,0.0,2,4,1500.0,7.0
570,0,3,4,27,0,4,0.0,2,4,1800.0,7.0
571,0,3,4,5,4,0,0.0,2,3,1775.0,7.0
572,0,28,3,0,4,0,0.0,2,5,1400.0,7.0
573,0,19,3,5,4,2,0.0,2,10,1550.0,7.0
574,0,19,3,2,4,0,0.0,0,7,1250.0,7.0
575,0,9,3,2,4,0,0.0,2,10,1310.64,7.0
576,0,19,3,27,4,0,0.0,2,2,1380.0,7.0
577,0,7,2,5,4,1,0.0,2,3,1200.0,7.0
578,0,9,3,5,4,0,1.0,2,3,1100.0,7.0
579,0,9,8,5,4,0,0.0,2,8,1800.0,7.0
580,0,9,8,2,4,0,0.0,2,4,1700.0,7.0
581,0,9,8,2,4,0,0.0,2,1,1219.2,7.0
582,0,9,8,2,4,0,0.0,2,1,1219.2,7.0
583,0,13,8,24,1,0,0.0,0,15,1500.0,7.0
584,0,9,8,2,4,0,0.0,2,0,157.8864,7.0
585,0,27,7,28,0,0,0.0,2,0,650.0,7.0
586,0,7,8,2,4,0,0.0,2,4,1250.0,7.0
587,0,4,7,5,4,0,0.0,1,1,1850.0,7.0
588,0,11,8,5,0,0,1.0,2,6,1400.0,7.0
589,0,0,6,28,2,0,2.0,1,1,905.0,7.0
590,0,2,6,3,0,0,0.0,2,0,1100.0,7.0
591,0,2,6,3,4,0,0.0,2,2,1500.0,7.0
592,0,3,5,5,4,0,0.0,0,2,1775.0,7.0
593,0,17,5,8,4,0,0.0,1,0,1442.0,7.0
594,0,9,5,17,4,0,0.0,2,2,1524.0,7.0
595,0,3,5,27,4,0,0.0,2,0,165.0,7.0
596,0,32,4,9,0,6,0.0,0,0,1775.0305449954915,7.0
597,0,32,4,9,0,0,0.0,2,0,1775.0305449954915,7.0
598,0,3,4,5,4,0,0.0,2,2,1300.0,7.0
599,0,19,4,27,4,0,0.0,2,6,1550.0,7.0
600,0,19,3,27,4,0,0.0,2,0,1200.0,7.0
601,0,19,3,27,0,1,0.0,2,4,1200.0,7.0
602,0,3,3,5,4,0,0.0,0,0,1625.0,7.0
603,0,3,3,5,4,0,0.0,2,3,1775.0,7.0
604,0,32,3,9,4,0,0.0,2,0,1775.0305449954915,7.0
605,0,22,3,4,4,0,0.0,2,4,1100.0,7.0
606,0,32,3,5,4,0,0.0,2,2,1775.0305449954915,7.0
607,0,0,9,2,0,0,0.0,2,4,890.0,7.0
608,0,0,7,2,0,0,2.0,1,3,934.0,7.0
609,0,16,6,3,4,0,0.0,1,0,1300.0,7.0
610,0,7,7,17,4,0,0.0,2,7,1200.0,7.0
611,0,19,7,5,4,0,2.0,2,3,1300.0,7.0
612,0,3,6,5,4,1,0.0,2,9,1775.0305449954915,7.0
613,0,0,7,28,0,0,0.0,2,0,1.0,7.0
614,0,0,5,4,0,0,0.0,2,9,1775.0305449954915,7.0
615,0,28,5,15,4,0,0.0,2,0,1700.0,7.0
616,0,28,5,2,4,0,0.0,2,4,1550.0,7.0
617,0,27,5,27,4,0,0.0,2,0,1200.0,7.0
618,0,19,5,27,0,0,0.0,2,0,1296.0,7.0
619,0,30,4,21,4,0,0.0,2,0,1650.0,7.0
620,0,27,5,27,4,0,0.0,2,0,1240.0,7.0
621,0,29,4,5,4,0,0.0,1,0,1500.0,7.0
622,0,3,3,5,4,0,0.0,1,3,1800.0,7.0
623,0,7,3,15,4,0,0.0,2,17,1775.0305449954915,7.0
624,0,9,3,5,4,0,0.0,2,0,1500.0,7.0
625,0,29,3,15,4,0,0.0,1,0,1775.0305449954915,7.0
626,0,19,3,15,4,0,0.0,2,2,1100.0,7.0
627,0,19,3,27,4,0,0.0,2,0,950.0,7.0
628,0,3,2,5,4,0,0.0,2,0,3850.0,7.0
629,0,32,3,5,4,2,0.0,2,0,1775.0305449954915,7.0
630,0,19,2,1,4,0,0.0,2,1,1400.0,7.0
631,0,3,1,5,4,0,0.0,2,3,1800.0,7.0
632,0,3,1,5,4,0,0.0,2,2,1775.0305449954915,7.0
633,0,9,8,2,4,0,1.0,2,2,1219.2,7.0
634,0,27,7,27,2,0,5.0,2,0,1050.0,7.0
635,0,0,7,5,2,0,0.0,2,7,1775.0305449954915,7.0
636,0,27,8,5,4,0,0.0,0,0,200.0,7.0
637,0,0,7,5,4,1,9.0,2,2,1775.0305449954915,7.0
638,0,13,6,27,3,0,0.0,0,6,1250.0,7.0
639,0,29,5,5,4,0,0.0,2,0,800.0,7.0
640,0,29,5,5,4,0,0.0,0,1,1450.0,7.0
641,0,28,5,15,4,0,0.0,2,1,1317.0,7.0
642,0,30,4,21,0,0,0.0,2,0,1650.0,7.0
643,0,4,4,4,4,0,0.0,2,3,1300.0,7.0
644,0,19,5,5,4,0,0.0,2,11,1775.0305449954915,7.0
645,0,9,3,5,0,0,0.0,0,4,1775.0305449954915,7.0
646,0,3,4,5,4,0,0.0,0,3,1750.0,7.0
647,0,3,3,5,4,0,0.0,2,3,1750.0,7.0
648,0,3,4,5,4,0,0.0,2,0,1750.0,7.0
649,0,19,3,27,4,0,0.0,2,6,1250.0,7.0
650,0,19,3,27,4,0,0.0,2,0,1150.0,7.0
651,0,3,3,5,4,2,0.0,2,2,1775.0,7.0
652,0,0,2,14,4,0,0.0,2,4,975.0,7.0
653,0,0,9,2,0,0,0.0,2,4,890.0,7.0
654,0,13,8,15,4,0,0.0,2,5,1250.0,7.0
655,0,11,8,5,4,0,0.0,2,4,1400.0,7.0
656,0,9,7,2,4,0,2.0,2,2,1219.2,7.0
657,0,29,5,5,4,0,0.0,2,0,800.0,7.0
658,0,29,5,5,4,0,0.0,2,0,1450.0,7.0
659,0,28,5,15,4,0,0.0,2,1,1600.0,7.0
660,0,28,5,15,4,0,0.0,1,3,1775.0305449954915,7.0
661,0,19,4,15,4,0,0.0,2,1,1600.0,7.0
662,0,0,5,28,3,0,0.0,1,0,1260.0,7.0
663,0,9,4,2,4,0,0.0,2,4,1310.64,7.0
664,0,3,4,5,4,0,0.0,2,1,1750.0,7.0
665,0,9,4,2,4,0,0.0,2,0,1310.64,7.0
666,0,19,3,27,4,0,0.0,2,10,1679.0,7.0
667,0,19,3,27,4,0,0.0,2,5,1100.0,7.0
668,0,19,3,27,3,0,0.0,2,2,1650.0,7.0
669,0,9,3,5,0,0,0.0,2,5,1775.0305449954915,7.0
670,0,0,3,2,3,0,0.0,0,4,1250.0,7.0
671,0,3,3,5,4,1,0.0,2,3,1775.0,7.0
672,0,32,3,9,4,2,0.0,2,3,1775.0305449954915,7.0
673,0,9,3,5,4,1,0.0,2,14,1600.0,7.0
674,0,11,8,15,4,0,1.0,2,6,1500.0,7.0
675,0,9,8,2,4,0,1.0,2,2,1700.0,7.0
676,0,9,7,2,4,0,0.0,2,0,1700.0,7.0
677,0,9,8,2,4,0,0.0,2,0,157.8864,7.0
678,0,9,8,5,4,0,2.0,2,3,1775.0305449954915,7.0
679,0,3,7,5,4,0,0.0,2,1,1600.0,7.0
680,0,2,6,3,4,0,0.0,2,0,1600.0,7.0
681,0,0,7,5,4,0,1.0,2,0,1775.0305449954915,7.0
682,0,28,7,20,4,0,0.0,2,7,2285.0,7.0
683,0,0,7,28,0,0,0.0,2,0,1.0,7.0
684,0,9,4,5,4,0,0.0,2,0,1400.0,7.0
685,0,19,5,27,4,0,0.0,2,0,1296.0,7.0
686,0,0,3,4,3,0,0.0,0,1,1000.0,7.0
687,0,24,4,5,4,0,0.0,2,3,1775.0305449954915,7.0
688,0,0,5,28,0,0,0.0,2,0,1260.0,7.0
689,0,19,4,2,4,0,0.0,2,0,1170.0,7.0
690,0,11,3,5,4,0,0.0,2,2,1775.0305449954915,7.0
691,0,3,4,5,4,0,0.0,2,9,1775.0,7.0
692,0,19,4,27,4,0,0.0,2,5,1560.0,7.0
693,0,19,3,27,3,0,0.0,2,2,1400.0,7.0
694,0,19,3,27,4,0,0.0,2,9,1300.0,7.0
695,0,19,3,5,4,0,0.0,2,1,1170.0,7.0
696,0,19,3,27,4,0,0.0,2,0,1300.0,7.0
697,0,19,3,16,4,0,0.0,2,6,1350.0,7.0
698,0,19,3,5,4,0,0.0,2,0,1150.0,7.0
699,0,19,3,2,4,0,0.0,2,4,1250.0,7.0
700,0,19,3,27,4,0,0.0,1,0,1450.0,7.0
701,0,3,3,5,0,0,0.0,2,2,442.0,7.0
702,0,0,3,0,0,0,0.0,0,2,1775.0305449954915,7.0
703,0,3,2,5,4,0,0.0,2,2,1750.0,7.0
704,0,3,2,5,4,0,0.0,2,1,1750.0,7.0
705,0,11,8,5,4,0,1.0,2,8,1396.0,7.0
706,0,0,7,4,0,0,3.0,2,11,982.0,7.0
707,0,0,8,5,0,0,4.0,2,14,1775.0305449954915,7.0
708,0,0,7,2,0,0,2.0,1,3,934.0,7.0
709,0,4,6,5,4,6,1.0,1,3,1850.0,7.0
710,0,4,6,4,4,0,2.0,2,0,1550.0,7.0
711,0,2,6,3,2,0,6.0,2,2,1580.0,7.0
712,0,0,7,2,0,0,0.0,2,0,1268.0,7.0
713,0,0,6,14,0,0,0.0,2,10,1775.0305449954915,7.0
714,0,9,6,2,4,0,0.0,2,6,1676.4,7.0
715,0,17,5,8,4,0,0.0,2,0,1450.0,7.0
716,0,0,6,2,0,0,0.0,0,0,1100.0,7.0
717,0,9,5,17,4,0,0.0,2,3,1524.0,7.0
718,0,19,5,5,4,0,0.0,2,0,1775.0305449954915,7.0
719,0,3,4,5,4,0,0.0,2,2,1300.0,7.0
720,0,27,5,27,3,0,0.0,2,0,200.0,7.0
721,0,27,5,27,4,0,0.0,2,0,600.0,7.0
722,0,9,4,2,4,2,0.0,2,1,1310.64,7.0
723,0,3,4,5,4,0,0.0,2,1,1750.0,7.0
724,0,19,4,27,4,0,0.0,2,3,1300.0,7.0
725,0,4,3,5,4,0,0.0,2,14,1775.0305449954915,7.0
726,0,9,3,2,4,0,0.0,2,3,1752.6,7.0
727,0,19,3,27,0,1,0.0,2,8,441.0,7.0
728,0,19,3,2,4,0,0.0,2,9,1170.0,7.0
729,0,9,3,2,4,2,0.0,2,5,1310.64,7.0
730,0,0,3,14,0,0,0.0,2,2,1100.0,7.0
731,0,19,3,27,4,0,0.0,2,0,1300.0,7.0
732,0,0,3,14,4,0,0.0,2,2,950.0,7.0
733,0,3,3,5,0,0,0.0,2,0,442.0,7.0
734,0,0,3,4,4,2,6.0,2,10,1100.0,7.0
735,0,27,8,5,4,0,0.0,0,0,1775.0305449954915,7.0
736,0,9,7,17,4,0,2.0,2,2,1450.0,7.0
737,0,0,7,28,0,0,0.0,2,9,1.0,7.0
738,0,7,5,2,4,0,0.0,2,0,1500.0,7.0
739,0,11,6,4,4,0,0.0,2,2,1350.0,7.0
740,0,17,5,8,4,0,0.0,0,0,1180.0,7.0
741,0,0,6,2,0,0,0.0,2,0,1100.0,7.0
742,0,27,5,27,4,0,0.0,2,0,650.0,7.0
743,0,19,4,14,4,0,0.0,0,4,1338.0,7.0
744,0,32,4,9,0,0,0.0,1,1,1775.0305449954915,7.0
745,0,19,3,2,4,3,0.0,2,8,533.0,7.0
746,0,9,3,2,4,0,0.0,2,2,1390.8024,7.0
747,0,19,3,2,4,0,0.0,2,3,1170.0,7.0
748,0,19,3,27,4,0,0.0,2,13,1250.0,7.0
749,0,7,3,15,4,2,0.0,2,5,1775.0305449954915,7.0
750,0,19,3,27,4,0,0.0,2,0,1100.0,7.0
751,0,19,3,27,4,0,0.0,2,3,900.0,7.0
752,0,3,3,5,4,0,0.0,2,1,1750.0,7.0
753,0,3,3,5,4,0,0.0,2,0,1775.0,7.0
754,0,0,3,0,0,0,0.0,2,1,1775.0305449954915,7.0
755,0,3,3,5,4,0,0.0,2,2,1775.0305449954915,7.0
756,0,0,7,2,0,0,1.0,2,5,934.0,7.0
757,0,11,6,5,4,0,1.0,1,2,1500.0,7.0
758,0,21,3,5,4,0,0.0,2,1,1000.0,7.0
759,0,28,6,2,4,1,0.0,2,6,1650.0,7.0
760,0,28,7,15,4,0,0.0,2,1,1600.0,7.0
761,0,0,7,28,0,0,0.0,2,1,1.0,7.0
762,0,29,5,5,4,0,0.0,1,0,800.0,7.0
763,0,11,6,4,4,0,0.0,2,2,1350.0,7.0
764,0,9,5,2,4,0,0.0,0,4,1500.0,7.0
765,0,0,5,14,0,0,0.0,2,1,1775.0305449954915,7.0
766,0,28,5,15,4,0,0.0,2,1,1700.0,7.0
767,0,19,4,15,4,0,0.0,2,0,1100.0,7.0
768,0,19,4,15,4,1,0.0,2,1,1400.0,7.0
769,0,27,5,27,1,0,0.0,2,0,1200.0,7.0
770,0,27,3,27,4,0,0.0,2,0,800.0,7.0
771,0,3,4,5,4,0,0.0,1,1,1750.0,7.0
772,0,19,3,27,4,1,0.0,2,9,1144.0,7.0
773,0,9,3,5,4,0,0.0,2,2,1350.0,7.0
774,0,19,3,27,4,0,0.0,2,4,1000.0,7.0
775,0,19,3,27,4,0,0.0,2,1,1200.0,7.0
776,0,3,1,5,4,0,0.0,2,0,1800.0,7.0
777,0,13,8,2,4,0,0.0,2,3,1300.0,7.0
778,0,3,7,5,4,0,7.0,2,6,1775.0305449954915,7.0
779,0,0,7,2,0,0,1.0,2,3,894.0,7.0
780,0,0,7,28,0,0,0.0,2,1,1.0,7.0
781,0,4,6,5,4,0,0.0,0,0,1300.0,7.0
782,0,28,5,2,4,0,0.0,2,5,1500.0,7.0
783,0,28,5,15,4,0,0.0,2,3,1600.0,7.0
784,0,3,4,5,4,1,0.0,2,0,1775.0305449954915,7.0
785,0,4,4,5,4,0,0.0,2,2,13.0,7.0
786,0,32,3,9,0,0,0.0,1,0,1775.0305449954915,7.0
787,0,19,3,27,4,0,0.0,2,7,1300.0,7.0
788,0,19,3,27,4,3,0.0,2,13,1800.0,7.0
789,0,19,3,27,4,0,0.0,2,11,1250.0,7.0
790,0,34,3,15,0,0,0.0,2,2,1040.0,7.0
791,0,19,3,27,4,0,0.0,2,1,1250.0,7.0
792,0,32,3,9,4,0,0.0,2,2,1775.0305449954915,7.0
793,0,3,2,5,4,1,0.0,2,5,1600.0,7.0
794,0,11,8,5,4,0,0.0,2,1,1600.0,7.0
795,0,11,7,5,0,0,1.0,2,7,1600.0,7.0
796,0,0,7,2,0,0,2.0,2,3,944.0,7.0
797,0,28,6,15,4,0,0.0,2,20,1650.0,7.0
798,0,16,6,15,4,0,0.0,0,0,1250.0,7.0
799,0,28,5,15,4,0,0.0,2,3,1350.0,7.0
800,0,17,5,8,4,0,0.0,1,1,2500.0,7.0
801,0,27,4,27,4,0,0.0,2,0,600.0,7.0
802,0,29,4,5,4,0,0.0,2,0,800.0,7.0
803,0,4,4,4,4,0,0.0,2,4,1300.0,7.0
804,0,11,5,5,4,0,0.0,2,5,1400.0,7.0
805,0,3,4,5,4,0,0.0,2,1,1900.0,7.0
806,0,27,3,27,4,0,0.0,1,0,650.0,7.0
807,0,0,3,14,0,0,0.0,0,0,1038.5,7.0
808,0,19,3,27,4,0,0.0,2,1,940.0,7.0
809,0,0,3,14,0,0,0.0,2,1,1000.0,7.0
810,0,0,3,4,3,0,0.0,0,1,1050.0,7.0
811,0,9,3,2,0,0,0.0,2,3,1775.0305449954915,7.0
812,0,0,3,14,3,0,0.0,2,2,950.0,7.0
813,0,9,3,2,4,0,0.0,2,10,1402.08,7.0
814,0,3,3,5,4,0,0.0,2,2,1775.0,7.0
815,0,9,8,2,4,0,0.0,2,1,1901.0,7.0
816,0,9,8,2,4,0,2.0,2,0,1219.2,7.0
817,0,11,8,5,4,0,0.0,2,1,1400.0,7.0
818,0,0,8,4,0,0,0.0,2,4,1020.0,7.0
819,0,7,5,2,4,0,0.0,2,2,1250.0,7.0
820,0,9,6,4,4,0,0.0,2,7,1550.0,7.0
821,0,28,5,15,4,0,0.0,2,4,1877.0,7.0
822,0,21,4,5,4,3,0.0,2,4,1775.0305449954915,7.0
823,0,35,5,22,4,1,0.0,2,3,1250.0,7.0
824,0,11,3,5,4,0,0.0,2,0,1775.0305449954915,7.0
825,0,27,3,27,1,0,0.0,2,0,1000.0,7.0
826,0,19,4,2,4,0,0.0,2,6,1300.0,7.0
827,0,19,3,27,3,2,0.0,2,7,981.0,7.0
828,0,19,3,14,4,2,0.0,2,8,690.0,7.0
829,0,19,3,15,4,0,0.0,2,4,1650.0,7.0
830,0,19,3,2,4,0,0.0,2,0,1000.0,7.0
831,0,0,3,14,0,0,0.0,2,3,1100.0,7.0
832,0,3,1,5,4,0,0.0,2,1,1600.0,7.0
833,0,9,8,2,4,1,0.0,2,1,157.8864,7.0
834,0,4,7,4,2,1,0.0,2,4,1900.0,7.0
835,0,0,7,14,0,0,1.0,2,3,973.0,7.0
836,0,13,6,15,1,0,1.0,2,0,1250.0,7.0
837,0,9,6,2,4,2,0.0,2,6,3280.0,7.0
838,0,0,7,28,0,0,0.0,2,1,1.0,7.0
839,0,0,7,28,0,0,0.0,2,0,1.0,7.0
840,0,20,6,4,4,0,0.0,2,2,4001.0,7.0
841,0,19,6,4,4,0,0.0,2,7,1425.0,7.0
842,0,11,6,4,4,0,0.0,2,1,1400.0,7.0
843,0,4,6,5,4,0,0.0,2,0,1300.0,7.0
844,0,27,5,27,4,0,0.0,2,0,700.0,7.0
845,0,13,5,27,1,2,0.0,2,6,1300.0,7.0
846,0,17,5,8,4,0,0.0,2,0,1556.0,7.0
847,0,0,6,2,0,0,0.0,2,0,1100.0,7.0
848,0,11,5,5,0,0,0.0,2,4,1350.0,7.0
849,0,19,5,27,4,0,0.0,2,0,1550.0,7.0
850,0,3,4,5,4,2,0.0,1,0,1775.0,7.0
851,0,32,3,9,0,1,0.0,1,1,1775.0305449954915,7.0
852,0,0,3,2,3,0,0.0,1,0,1250.0,7.0
853,0,9,4,2,4,0,0.0,2,1,1310.64,7.0
854,0,19,3,2,4,0,0.0,2,2,1500.0,7.0
855,0,19,3,27,3,0,0.0,2,10,1250.0,7.0
856,0,0,2,14,4,0,0.0,2,2,925.0,7.0
857,0,3,2,5,4,0,0.0,2,0,1700.0,7.0
858,0,32,3,5,4,3,0.0,2,12,1775.0305449954915,7.0
859,0,9,8,2,4,0,1.0,2,1,1700.0,7.0
860,0,34,5,5,4,0,0.0,1,0,1040.0,7.0
861,0,28,5,15,4,0,0.0,1,4,1600.0,7.0
862,0,0,4,5,0,0,0.0,1,1,1775.0305449954915,7.0
863,0,19,3,2,4,2,0.0,2,9,774.0,7.0
864,0,19,3,14,4,0,0.0,2,23,1250.0,7.0
865,0,19,3,27,4,0,0.0,2,1,1100.0,7.0
866,0,19,3,5,4,10,0.0,2,14,1550.0,7.0
867,0,19,3,27,4,0,0.0,2,1,1650.0,7.0
868,0,3,2,5,4,0,0.0,2,1,1750.0,7.0
869,0,3,3,5,4,0,0.0,2,0,1775.0,7.0
870,0,0,9,2,0,0,0.0,2,5,890.0,7.0
871,0,9,8,2,4,0,0.0,2,1,1700.0,7.0
872,0,9,8,2,4,0,1.0,2,3,1219.2,7.0
873,0,11,7,4,4,0,0.0,0,2,1450.0,7.0
874,0,28,7,5,4,0,0.0,2,1,1800.0,7.0
875,0,21,3,5,4,0,0.0,2,1,1775.0305449954915,7.0
876,0,3,7,5,4,0,1.0,2,1,1775.0305449954915,7.0
877,0,0,7,28,0,0,0.0,2,0,1.0,7.0
878,0,28,5,15,4,0,0.0,2,0,1500.0,7.0
879,0,28,4,15,4,0,0.0,2,7,1700.0,7.0
880,0,0,6,2,4,0,0.0,2,2,1260.0,7.0
881,0,13,4,25,3,0,0.0,1,0,1775.0305449954915,7.0
882,0,11,5,5,0,0,0.0,2,5,1400.0,7.0
883,0,4,4,5,4,0,0.0,2,3,1850.0,7.0
884,0,19,5,5,4,0,0.0,2,4,1775.0305449954915,7.0
885,0,27,5,27,3,0,0.0,2,0,150.0,7.0
886,0,27,5,27,4,0,0.0,2,0,750.0,7.0
887,0,19,4,27,4,0,0.0,2,6,1400.0,7.0
888,0,9,3,2,4,0,0.0,2,4,1752.6,7.0
889,0,19,3,27,4,1,0.0,2,13,1650.0,7.0
890,0,19,3,2,4,0,0.0,2,4,1400.0,7.0
891,0,19,3,2,4,0,0.0,2,2,1200.0,7.0
892,0,19,3,2,4,0,0.0,2,2,1400.0,7.0
893,0,19,3,5,3,0,0.0,2,4,940.0,7.0
894,0,32,3,9,4,1,0.0,2,1,1775.0305449954915,7.0
895,0,11,9,3,4,0,1.0,0,3,1200.0,7.0
896,0,9,8,2,4,0,0.0,2,0,190164.0,7.0
897,0,27,7,27,4,0,0.0,0,0,800.0,7.0
898,0,4,6,5,4,0,0.0,2,1,13.0,7.0
899,0,28,5,15,4,0,0.0,2,5,1800.0,7.0
900,0,17,5,8,4,0,0.0,2,0,1100.0,7.0
901,0,27,5,27,3,0,0.0,2,0,850.0,7.0
902,0,0,5,28,4,0,0.0,0,3,1260.0,7.0
903,0,9,4,2,4,0,0.0,2,1,1310.64,7.0
904,0,19,4,27,4,0,0.0,2,9,1400.0,7.0
905,0,19,3,12,0,0,0.0,2,0,1600.0,7.0
906,0,19,3,27,0,0,0.0,2,2,1650.0,7.0
907,0,29,2,5,4,0,0.0,2,0,1499.9208,7.0
908,0,29,2,5,4,0,0.0,2,0,1775.0305449954915,7.0
909,0,4,3,5,4,0,0.0,2,1,1600.2,7.0
910,0,9,8,2,4,0,0.0,2,0,1219.2,7.0
911,0,21,8,5,1,0,0.0,2,3,1100.0,7.0
912,0,11,8,5,4,0,0.0,2,5,1400.0,7.0
913,0,9,8,2,4,0,0.0,2,0,1775.0305449954915,7.0
914,0,27,6,27,0,0,0.0,2,2,180.0,7.0
915,0,20,6,4,4,0,0.0,2,4,1219.2,7.0
916,0,4,5,5,4,1,0.0,2,2,1200.0,7.0
917,0,17,5,8,4,0,0.0,2,0,1599.0,7.0
918,0,9,5,15,4,0,0.0,2,0,1219.2,7.0
919,0,27,5,27,4,0,0.0,0,0,900.0,7.0
920,0,0,5,28,3,1,0.0,2,1,1200.0,7.0
921,0,10,4,1,4,0,0.0,1,0,825.0,7.0
922,0,27,5,27,1,0,0.0,2,0,600.0,7.0
923,0,19,4,27,4,0,0.0,2,2,1150.0,7.0
924,0,19,3,27,4,0,0.0,2,5,1600.0,7.0
925,0,19,3,4,4,0,0.0,2,10,1100.0,7.0
926,0,19,3,27,3,0,0.0,2,6,1000.0,7.0
927,0,19,3,2,4,0,0.0,2,5,1250.0,7.0
928,0,19,3,27,0,0,0.0,2,3,1100.0,7.0
929,0,13,3,15,4,0,0.0,2,0,1400.0,7.0
930,0,0,3,2,3,0,0.0,0,2,125.0,7.0
931,0,9,3,2,4,0,0.0,2,1,1775.0305449954915,7.0
932,0,3,3,5,4,1,0.0,2,0,1450.0,7.0
933,0,32,3,5,4,0,0.0,2,17,1775.0305449954915,7.0
934,0,19,8,14,4,1,5.0,2,17,1100.0,7.0
935,0,9,7,4,4,0,0.0,2,0,1371.6,7.0
936,0,0,7,4,0,0,0.0,2,2,1100.0,7.0
937,0,11,6,4,4,0,0.0,2,1,1400.0,7.0
938,0,27,5,27,4,0,0.0,2,0,110.0,7.0
939,0,17,5,8,4,0,0.0,1,0,1422.0,7.0
940,0,0,6,2,0,0,0.0,2,0,1100.0,7.0
941,0,9,5,2,4,0,0.0,2,6,1550.0,7.0
942,0,19,5,27,4,1,0.0,2,1,1550.0,7.0
943,0,24,4,5,4,1,0.0,1,5,1775.0305449954915,7.0
944,0,9,4,2,4,0,0.0,2,4,1310.64,7.0
945,0,19,3,5,4,1,0.0,2,8,763.0,7.0
946,0,19,3,27,4,0,0.0,2,1,1100.0,7.0
947,0,3,2,5,0,0,0.0,2,0,1750.0,7.0
948,0,3,1,5,4,0,0.0,2,2,1880.0,7.0
949,0,32,3,19,4,0,0.0,2,10,1775.0305449954915,7.0
950,0,3,7,5,4,0,0.0,2,0,1775.0305449954915,6.0
951,0,11,8,5,4,0,2.0,1,3,1500.0,6.0
952,0,19,7,5,4,0,2.0,2,0,1130.0,6.0
953,0,0,7,4,0,0,0.0,2,14,1100.0,6.0
954,0,11,6,4,4,0,0.0,2,4,1350.0,6.0
955,0,0,6,28,1,0,0.0,2,6,1200.0,6.0
956,0,25,5,15,4,0,0.0,2,3,1400.0,6.0
957,0,17,5,8,4,0,0.0,2,1,1200.0,6.0
958,0,11,5,4,4,0,0.0,2,3,1450.0,6.0
959,0,19,3,27,4,4,0.0,2,13,1800.0,6.0
960,0,19,3,27,4,0,0.0,2,4,1000.0,6.0
961,0,0,3,4,0,0,0.0,2,0,1100.0,6.0
962,0,27,6,27,0,0,0.0,2,0,680.0,6.0
963,0,0,7,28,0,0,0.0,2,1,1.0,6.0
964,0,21,6,4,4,0,0.0,2,4,1100.0,6.0
965,0,11,6,4,4,0,0.0,2,1,1400.0,6.0
966,0,9,5,16,4,0,0.0,1,2,1700.0,6.0
967,0,28,5,15,4,0,0.0,2,5,1700.0,6.0
968,0,27,5,27,3,0,0.0,2,0,650.0,6.0
969,0,9,4,5,4,0,0.0,2,4,1524.0,6.0
970,0,19,3,27,4,0,0.0,2,1,1500.0,6.0
971,0,21,7,5,4,0,0.0,2,7,1200.0,6.0
972,0,28,7,2,4,0,0.0,2,2,1050.0,6.0
973,0,19,6,5,4,0,0.0,2,10,1200.0,6.0
974,0,4,6,5,4,0,0.0,1,0,1300.0,6.0
975,0,11,6,4,0,0,0.0,2,1,1450.0,6.0
976,0,29,5,5,4,0,0.0,0,0,1450.0,6.0
977,0,25,5,27,0,0,0.0,2,4,1200.0,6.0
978,0,28,5,2,4,0,0.0,1,2,1550.0,6.0
979,0,17,5,5,4,0,0.0,2,12,995.0,6.0
980,0,4,5,4,4,0,0.0,2,3,1300.0,6.0
981,0,0,4,4,0,0,0.0,2,3,1775.0305449954915,6.0
982,0,19,3,27,0,3,0.0,2,7,1800.0,6.0
983,0,9,3,5,4,0,0.0,2,4,1450.0,6.0
984,0,0,3,14,0,0,0.0,2,1,1000.0,6.0
985,0,32,3,5,4,3,0.0,2,0,1775.0305449954915,6.0
986,0,8,7,5,0,0,0.0,2,1,1775.0305449954915,6.0
987,0,0,7,14,0,5,0.0,2,8,695.0,6.0
988,0,21,6,15,4,0,0.0,2,1,1100.0,6.0
989,0,31,5,18,0,0,0.0,2,0,1706.88,6.0
990,0,28,5,15,4,0,0.0,2,2,1456.0,6.0
991,0,4,5,5,4,0,0.0,2,0,1500.0,6.0
992,0,33,4,15,4,0,0.0,2,0,853.44,6.0
993,0,19,3,27,4,5,0.0,2,16,1650.0,6.0
994,0,19,3,27,4,0,0.0,2,2,1300.0,6.0
995,0,19,3,27,4,0,0.0,2,5,1642.0,6.0
996,0,19,3,27,4,0,0.0,2,1,1200.0,6.0
997,0,32,3,9,4,0,0.0,0,0,1775.0305449954915,6.0
998,0,0,3,2,2,0,6.0,2,9,1775.0305449954915,6.0
999,0,7,8,2,4,0,2.0,2,6,1450.0,6.0
1000,0,0,8,28,2,0,2.0,1,3,1775.0305449954915,6.0
1001,0,9,7,2,4,0,0.0,2,8,3280.0,6.0
1002,0,3,7,5,4,0,4.0,2,4,1600.0,6.0
1003,0,9,6,2,4,0,0.0,2,1,1219.2,6.0
1004,0,27,6,27,4,0,0.0,1,0,758.0,6.0
1005,0,11,5,5,0,0,0.0,2,1,1350.0,6.0
1006,0,0,5,14,0,0,0.0,2,0,1775.0305449954915,6.0
1007,0,28,5,15,4,0,0.0,2,5,1525.0,6.0
1008,0,30,4,21,0,0,0.0,2,3,1700.0,6.0
1009,0,27,5,27,3,0,0.0,2,0,1100.0,6.0
1010,0,29,3,5,4,0,0.0,2,3,800.0,6.0
1011,0,19,3,15,4,0,0.0,2,12,950.0,6.0
1012,0,19,3,27,4,0,0.0,2,8,1100.0,6.0
1013,0,27,8,15,4,0,0.0,0,0,200.0,6.0
1014,0,9,8,2,4,0,0.0,2,2,1901.0,6.0
1015,0,15,8,22,4,0,0.0,2,3,1600.0,6.0
1016,0,19,8,2,4,0,0.0,2,11,1100.0,6.0
1017,0,20,6,15,1,0,0.0,2,5,1066.8,6.0
1018,0,32,5,9,0,2,0.0,1,5,1775.0305449954915,6.0
1019,0,28,5,15,4,0,0.0,2,0,1700.0,6.0
1020,0,0,6,28,0,0,0.0,2,8,1200.0,6.0
1021,0,27,5,27,4,0,0.0,2,0,550.0,6.0
1022,0,0,6,2,0,0,0.0,2,0,1100.0,6.0
1023,0,21,4,5,4,1,0.0,2,3,1050.0,6.0
1024,0,9,5,17,4,2,0.0,2,5,1524.0,6.0
1025,0,27,5,27,4,0,0.0,2,0,900.0,6.0
1026,0,27,5,27,1,0,0.0,2,0,688.0,6.0
1027,0,27,5,27,4,0,0.0,2,0,300.0,6.0
1028,0,19,3,27,4,0,0.0,2,12,1186.0,6.0
1029,0,29,3,19,4,0,0.0,2,0,1775.0305449954915,6.0
1030,0,16,7,3,4,0,0.0,2,0,1300.0,6.0
1031,0,9,4,5,4,0,0.0,2,1,1200.0,6.0
1032,0,19,3,4,3,0,0.0,2,7,1210.0,6.0
1033,0,19,3,27,4,0,0.0,2,3,1100.0,6.0
1034,0,19,3,2,4,0,0.0,2,1,100.0,6.0
1035,0,32,3,9,4,2,0.0,0,0,1775.0305449954915,6.0
1036,0,3,1,5,4,0,0.0,2,1,1800.0,6.0
1037,0,0,7,5,0,0,0.0,2,1,1775.0305449954915,6.0
1038,0,20,6,4,4,0,0.0,2,2,3825.0,6.0
1039,0,9,6,5,4,0,0.0,2,1,1706.88,6.0
1040,0,21,6,15,4,0,0.0,2,5,110000.0,6.0
1041,0,11,6,5,0,0,0.0,2,2,1450.0,6.0
1042,0,22,5,5,1,1,0.0,2,4,1680.0,6.0
1043,0,11,6,4,4,0,0.0,2,2,1350.0,6.0
1044,0,11,6,4,0,0,0.0,2,1,1450.0,6.0
1045,0,4,5,5,4,0,0.0,2,0,1300.0,6.0
1046,0,19,3,27,4,0,0.0,2,2,1200.0,6.0
1047,0,10,3,27,4,0,0.0,2,0,1000.0,6.0
1048,0,32,2,0,0,0,0.0,1,6,1775.0305449954915,6.0
1049,0,27,7,27,1,0,0.0,2,1,1775.0305449954915,6.0
1050,0,13,6,11,3,0,0.0,0,1,1350.0,6.0
1051,0,9,7,2,4,0,0.0,2,0,1500.0,6.0
1052,0,4,6,5,4,0,0.0,0,4,185.0,6.0
1053,0,17,5,5,4,0,0.0,1,1,995.0,6.0
1054,0,19,5,27,4,0,0.0,2,4,1200.0,6.0
1055,0,3,5,5,0,0,0.0,2,1,1550.0,6.0
1056,0,9,4,2,4,0,0.0,2,5,1550.0,6.0
1057,0,9,3,2,4,0,0.0,2,2,1775.0305449954915,6.0
1058,0,9,3,2,4,0,0.0,2,3,1775.0305449954915,6.0
1059,0,3,3,5,4,0,0.0,2,2,1775.0305449954915,6.0
1060,0,0,7,5,4,0,0.0,2,7,1775.0305449954915,6.0
1061,0,21,7,5,4,0,1.0,2,0,1775.0305449954915,6.0
1062,0,28,5,15,4,0,0.0,1,1,1400.0,6.0
1063,0,0,6,2,3,0,0.0,2,3,1200.0,6.0
1064,0,11,5,5,4,0,0.0,2,5,1400.0,6.0
1065,0,9,5,2,0,0,0.0,2,5,1383.792,6.0
1066,0,32,3,5,4,0,0.0,2,0,1775.0305449954915,6.0
1067,0,3,3,5,4,0,0.0,2,2,1775.0305449954915,6.0
1068,0,27,8,15,0,0,0.0,0,0,50.0,6.0
1069,0,9,8,5,4,0,0.0,2,4,1500.0,6.0
1070,0,11,8,4,4,0,0.0,2,5,1650.0,6.0
1071,0,18,7,5,4,0,0.0,2,0,280.0,6.0
1072,0,0,7,28,3,0,0.0,2,3,1250.0,6.0
1073,0,20,6,15,4,0,0.0,2,2,3800.0,6.0
1074,0,9,5,15,4,0,0.0,2,3,1219.2,6.0
1075,0,0,4,28,3,0,0.0,2,10,1250.0,6.0
1076,0,32,4,9,0,1,0.0,2,0,1775.0305449954915,6.0
1077,0,9,4,2,4,1,0.0,2,1,1859.28,6.0
1078,0,19,3,27,4,0,0.0,2,1,1450.0,6.0
1079,0,11,7,5,4,0,0.0,2,0,1450.0,6.0
1080,0,27,5,27,4,0,0.0,2,0,600.0,6.0
1081,0,7,4,2,4,0,0.0,2,1,1450.0,6.0
1082,0,2,4,15,4,0,0.0,2,14,1700.0,6.0
1083,0,27,5,27,4,0,0.0,2,0,600.0,6.0
1084,0,19,3,27,4,2,0.0,2,4,1050.0,6.0
1085,0,19,3,5,4,4,0.0,2,16,1550.0,6.0
1086,0,1,7,5,4,0,0.0,2,0,1700.0,6.0
1087,0,28,7,2,4,0,0.0,2,5,1700.0,6.0
1088,0,28,5,15,4,0,0.0,1,5,1775.0305449954915,6.0
1089,0,27,5,28,1,0,0.0,2,0,600.0,6.0
1090,0,9,4,2,4,1,0.0,2,4,1310.64,6.0
1091,0,19,3,27,3,0,0.0,2,21,940.0,6.0
1092,0,32,3,9,4,5,0.0,2,7,1775.0305449954915,6.0
1093,0,8,1,5,4,0,0.0,2,1,1775.0305449954915,6.0
1094,0,0,9,4,0,0,1.0,2,1,995.0,6.0
1095,0,11,7,5,0,0,0.0,2,4,1400.0,6.0
1096,0,19,7,5,4,0,0.0,2,2,1600.0,6.0
1097,0,20,6,15,0,1,0.0,2,26,914.4,6.0
1098,0,20,5,4,0,0,0.0,2,1,4287.0,6.0
1099,0,21,6,5,4,0,0.0,2,2,900.0,6.0
1100,0,32,5,9,0,4,0.0,2,13,1775.0305449954915,6.0
1101,0,3,3,27,4,0,0.0,2,0,1775.0305449954915,6.0
1102,0,27,5,27,3,0,0.0,2,0,700.0,6.0
1103,0,9,3,5,4,1,0.0,2,12,1400.0,6.0
1104,0,19,3,5,4,2,0.0,2,8,808.0,6.0
1105,0,34,8,3,1,0,0.0,2,2,1550.0,6.0
1106,0,21,6,5,4,0,0.0,2,2,1187.5,6.0
1107,0,11,6,4,4,0,0.0,2,0,1400.0,6.0
1108,0,9,4,2,4,0,0.0,2,2,1310.64,6.0
1109,0,19,3,27,4,0,0.0,2,2,1250.0,6.0
1110,0,19,3,27,4,1,0.0,2,2,1550.0,6.0
1111,0,19,3,2,4,0,0.0,2,12,1000.0,6.0
1112,0,9,3,2,4,0,0.0,2,5,1310.64,6.0
1113,0,32,3,5,4,12,0.0,2,1,1775.0305449954915,6.0
1114,0,0,9,2,2,0,0.0,2,5,1100.0,6.0
1115,0,27,5,27,4,0,0.0,2,0,850.0,6.0
1116,0,21,4,5,0,0,0.0,2,4,1775.0305449954915,6.0
1117,0,27,5,27,1,0,0.0,2,0,200.0,6.0
1118,0,27,5,27,4,0,0.0,2,0,150.0,6.0
1119,0,27,5,27,3,0,0.0,2,0,250.0,6.0
1120,0,19,3,27,4,0,0.0,2,0,1300.0,6.0
1121,0,19,3,27,4,1,0.0,2,17,1300.0,6.0
1122,0,21,8,5,4,0,0.0,2,5,1250.0,6.0
1123,0,20,6,15,4,0,0.0,2,4,3845.0,6.0
1124,0,19,5,27,4,0,0.0,2,2,1400.0,6.0
1125,0,27,5,27,4,0,0.0,2,0,250.0,6.0
1126,0,29,3,5,4,0,0.0,2,0,800.0,6.0
1127,0,19,3,27,4,0,0.0,2,9,1250.0,6.0
1128,0,19,3,15,4,0,0.0,2,12,1100.0,6.0
1129,0,8,1,5,4,0,0.0,2,2,1775.0305449954915,6.0
1130,0,3,6,5,4,0,0.0,2,1,1775.0305449954915,6.0
1131,0,32,5,9,0,1,0.0,2,3,1775.0305449954915,6.0
1132,0,19,4,2,4,0,0.0,2,4,1300.0,6.0
1133,0,19,3,15,4,1,0.0,2,7,1100.0,6.0
1134,0,19,3,2,4,0,0.0,2,0,1100.0,6.0
1135,0,19,3,4,4,0,0.0,2,3,1100.0,6.0
1136,0,19,3,27,0,0,0.0,2,6,1250.0,6.0
1137,0,19,3,14,4,0,0.0,2,0,1250.0,6.0
1138,0,32,3,5,4,3,0.0,2,0,1775.0305449954915,6.0
1139,0,15,8,23,4,0,1.0,2,5,1500.0,6.0
1140,0,9,8,2,4,0,0.0,2,2,1700.0,6.0
1141,0,21,5,5,4,0,0.0,2,0,1250.0,6.0
1142,0,19,3,27,4,0,0.0,2,3,1300.0,6.0
1143,0,32,3,9,0,7,0.0,0,10,1775.0305449954915,6.0
1144,0,9,7,2,4,0,4.0,2,1,190164.0,6.0
1145,0,27,5,27,0,0,0.0,2,0,1000.0,6.0
1146,0,27,4,27,4,0,0.0,0,0,600.0,6.0
1147,0,29,4,5,4,0,0.0,2,0,800.0,6.0
1148,0,24,4,5,4,1,0.0,2,2,1775.0305449954915,6.0
1149,0,4,4,4,4,0,0.0,1,4,1100.0,6.0
1150,0,19,4,27,4,0,0.0,2,4,1400.0,6.0
1151,0,19,4,2,4,0,0.0,2,4,1022.0,6.0
1152,0,19,4,2,4,0,0.0,2,5,1300.0,6.0
1153,0,19,3,2,4,0,0.0,2,0,1450.0,6.0
1154,0,19,3,27,4,1,0.0,2,22,1050.0,6.0
1155,0,9,3,2,4,0,0.0,2,4,1775.0305449954915,6.0
1156,0,19,3,27,4,0,0.0,2,7,1100.0,6.0
1157,0,9,7,2,4,0,2.0,2,1,1219.2,6.0
1158,0,7,7,2,4,0,0.0,1,12,1250.0,6.0
1159,0,29,4,5,4,0,0.0,0,0,800.0,6.0
1160,0,9,4,2,4,0,0.0,2,6,1310.64,6.0
1161,0,19,4,27,4,0,0.0,2,6,1400.0,6.0
1162,0,19,3,5,4,5,0.0,2,6,975.0,6.0
1163,0,19,3,14,4,0,0.0,2,9,1264.0,6.0
1164,0,29,3,19,4,1,0.0,2,0,1775.0305449954915,6.0
1165,0,19,3,27,4,0,0.0,2,11,1250.0,6.0
1166,0,19,3,5,4,0,0.0,2,5,1550.0,6.0
1167,0,3,1,5,4,0,0.0,2,4,1800.0,6.0
1168,0,9,1,5,4,1,0.0,2,19,1325.88,6.0
1169,0,21,6,5,0,0,0.0,2,6,1050.0,6.0
1170,0,27,5,27,0,0,0.0,2,1,700.0,6.0
1171,0,3,4,5,4,0,0.0,2,2,1550.0,6.0
1172,0,19,3,5,4,1,0.0,2,20,1550.0,6.0
1173,0,19,3,27,4,0,0.0,1,5,1100.0,6.0
1174,0,9,4,2,4,0,0.0,2,2,1219.2,6.0
1175,0,9,5,15,4,1,0.0,2,4,1219.2,6.0
1176,0,19,3,27,4,0,0.0,2,30,800.0,6.0
1177,0,5,7,5,4,1,0.0,1,2,200.0,6.0
1178,0,3,4,5,4,0,0.0,2,3,1200.0,6.0
1179,0,19,3,27,4,0,0.0,2,23,950.0,6.0
1180,0,19,3,27,4,0,0.0,2,19,750.0,6.0
1181,0,9,3,2,4,0,0.0,2,6,1775.0305449954915,6.0
1182,0,27,5,27,4,0,0.0,0,0,850.0,6.0
1183,0,19,3,2,4,0,0.0,2,10,1000.0,6.0
1184,0,9,8,2,4,0,0.0,2,0,1219.2,6.0
1185,0,11,8,4,4,0,0.0,2,5,1650.0,6.0
1186,0,9,7,2,4,0,8.0,2,6,1320.0,6.0
1187,0,9,6,4,4,0,0.0,2,6,1550.0,6.0
1188,0,4,3,4,4,5,0.0,2,20,1775.0305449954915,6.0
1189,0,19,3,27,4,0,0.0,2,8,1550.0,6.0
1190,0,19,3,27,4,0,0.0,2,34,1450.0,6.0
1191,0,19,0,27,4,0,0.0,2,8,1200.0,6.0
1192,0,9,8,2,4,0,0.0,2,1,1700.0,6.0
1193,0,33,4,15,4,0,0.0,2,0,853.44,6.0
1194,0,19,3,27,4,0,0.0,2,2,1500.0,6.0
1195,0,19,3,14,4,0,0.0,2,45,1100.0,6.0
1196,0,19,3,27,4,0,0.0,1,0,1200.0,6.0
1197,0,19,3,5,4,0,0.0,2,3,1775.0305449954915,6.0
1198,0,9,5,15,4,0,0.0,2,3,1219.2,6.0
1199,0,11,5,17,4,0,0.0,2,12,1350.0,6.0
1200,0,24,3,27,4,0,0.0,2,4,1400.0,6.0
1201,0,19,3,14,0,0,0.0,2,12,1300.0,6.0
1202,0,19,3,27,3,3,0.0,2,17,1550.0,6.0
1203,0,19,3,27,4,7,0.0,2,38,12.0,6.0
1204,0,19,4,27,4,0,0.0,2,8,1300.0,6.0
1205,0,19,3,27,4,0,0.0,2,0,1400.0,6.0
1206,0,21,7,5,1,0,2.0,2,4,1100.0,6.0
1207,0,32,4,5,0,5,0.0,2,8,1775.0305449954915,6.0
1208,0,9,4,2,4,1,0.0,2,8,1310.64,6.0
1209,0,19,3,27,4,0,0.0,2,0,1320.0,6.0
1210,0,19,3,27,3,0,0.0,2,0,1250.0,6.0
1211,0,19,3,2,4,0,0.0,2,0,1350.0,6.0
1212,0,2,4,27,4,0,0.0,2,5,1850.0,6.0
1213,0,19,3,5,4,0,0.0,2,2,1150.0,6.0
1214,0,21,7,5,4,1,5.0,2,7,1775.0305449954915,6.0
1215,0,21,5,5,0,1,0.0,2,1,1775.0305449954915,6.0
1216,0,9,5,15,4,0,0.0,2,3,1219.2,6.0
1217,0,27,4,27,4,0,0.0,2,0,800.0,6.0
1218,0,19,3,27,4,0,0.0,2,1,1400.0,6.0
1219,0,19,3,27,4,0,0.0,2,1,1300.0,6.0
1220,0,32,3,5,4,0,0.0,2,0,1775.0305449954915,6.0
1221,0,19,5,2,4,0,0.0,2,0,1600.0,6.0
1222,0,19,3,27,4,0,0.0,2,14,1400.0,6.0
1223,0,19,3,5,4,1,0.0,2,3,1200.0,6.0
1224,0,0,6,4,0,3,0.0,2,4,1775.0305449954915,6.0
1225,0,19,3,27,4,0,0.0,2,0,1500.0,6.0
1226,0,32,5,9,0,0,0.0,1,0,1775.0305449954915,6.0
1227,0,9,5,15,4,0,0.0,2,2,1219.2,6.0
1228,0,9,3,2,4,1,0.0,2,4,1310.64,6.0
1229,0,19,3,27,0,31,0.0,2,47,1300.0,6.0
1230,0,9,3,2,4,0,0.0,2,9,1775.0305449954915,6.0
1231,0,32,5,9,0,2,0.0,2,8,1775.0305449954915,5.0
1232,0,32,3,9,0,4,0.0,2,31,1775.0305449954915,5.0
1233,0,13,7,10,4,0,0.0,2,1,1300.0,5.0
1234,0,19,3,27,4,0,0.0,2,3,1050.0,5.0
1235,0,27,7,28,4,3,0.0,2,4,650.0,5.0
1236,0,11,5,17,0,2,0.0,2,6,1350.0,5.0
1237,0,32,5,9,0,2,0.0,2,3,1775.0305449954915,5.0
1238,0,9,5,15,4,1,0.0,2,2,1219.2,5.0
1239,0,2,4,27,4,0,0.0,2,28,1200.0,5.0
1240,0,9,4,2,4,3,0.0,2,9,1310.64,5.0
1241,0,19,3,15,4,2,0.0,2,7,850.0,5.0
1242,0,3,3,5,4,1,0.0,2,3,1775.0305449954915,5.0
1243,0,4,5,5,4,2,0.0,2,4,1200.0,5.0
1244,0,19,3,27,4,0,0.0,2,3,1248.0,5.0
1245,0,9,3,2,4,0,0.0,2,7,1775.0305449954915,5.0
1246,0,21,7,5,4,0,0.0,1,0,1000.0,5.0
1247,0,0,5,5,4,0,0.0,2,2,1775.0305449954915,5.0
1248,0,9,4,2,4,0,0.0,2,2,1310.64,5.0
1249,0,27,3,27,4,0,0.0,1,0,775.0,5.0
1250,0,32,4,5,0,1,0.0,2,5,1775.0305449954915,5.0
1251,0,19,3,27,4,0,0.0,2,3,1300.0,5.0
1252,0,9,4,2,4,2,0.0,2,15,1310.64,5.0
1253,0,0,9,2,0,0,0.0,2,3,890.0,5.0
1254,0,9,5,15,4,1,0.0,2,2,1219.2,5.0
1255,0,19,3,27,4,4,0.0,2,5,1500.0,5.0
1256,0,10,4,27,4,0,0.0,2,1,825.0,5.0
1257,0,32,4,5,0,1,0.0,2,5,1775.0305449954915,5.0
1258,0,19,3,15,4,1,0.0,2,11,1200.0,5.0
1259,0,24,5,5,4,7,0.0,2,9,1200.0,5.0
1260,0,12,7,5,0,0,7.0,2,0,1775.0305449954915,5.0
1261,0,19,0,27,4,0,0.0,2,0,1200.0,5.0
1262,0,9,3,2,4,0,0.0,2,4,1775.0305449954915,5.0
1263,0,19,3,27,4,0,0.0,2,14,1100.0,5.0
1264,0,9,3,2,4,0,0.0,2,8,1310.64,5.0
1265,0,9,3,2,4,0,0.0,2,5,1775.0305449954915,5.0
1266,0,32,5,9,0,0,0.0,2,0,1775.0305449954915,5.0
1267,0,32,4,5,0,0,0.0,1,3,1775.0305449954915,5.0
1268,0,19,3,27,4,2,0.0,2,4,1400.0,5.0
1269,0,13,2,15,0,4,0.0,2,26,3500.0,5.0
1270,0,19,3,2,4,0,0.0,2,12,1250.0,5.0
1271,0,11,5,17,0,0,0.0,2,7,1350.0,5.0
1272,0,25,3,5,4,0,0.0,2,2,1000.0,5.0
1273,0,0,9,5,0,0,1.0,2,6,1775.0305449954915,5.0
1274,0,9,3,2,4,0,0.0,2,15,1310.64,5.0
1275,0,9,3,2,4,0,0.0,2,10,1775.0305449954915,5.0
1276,0,19,3,16,4,4,0.0,2,20,1100.0,5.0
1277,0,19,3,14,4,0,0.0,2,20,1200.0,4.0
1278,0,19,3,15,4,0,0.0,2,8,1100.0,4.0
1279,0,19,3,27,4,23,0.0,1,29,1280.0,4.0
1280,0,19,3,27,4,15,0.0,2,7,850.0,4.0
1281,0,19,3,27,4,0,0.0,2,6,1500.0,4.0
1282,0,19,3,27,4,0,0.0,2,30,1250.0,4.0
1283,0,9,3,2,4,0,0.0,2,8,1775.0305449954915,4.0
1284,0,9,3,2,4,0,0.0,2,10,1775.0305449954915,4.0
1285,0,19,4,27,4,0,0.0,2,7,1700.0,4.0
1286,0,32,5,9,0,1,0.0,0,2,1775.0305449954915,4.0
1287,0,9,4,2,4,1,0.0,2,1,1310.64,4.0
1288,0,19,3,27,4,3,0.0,2,11,1140.0,4.0
1289,0,19,3,27,4,0,0.0,2,27,1200.0,4.0
1290,0,19,3,27,4,0,0.0,2,19,1250.0,4.0
1291,0,32,3,9,0,9,0.0,2,17,1775.0305449954915,4.0
1292,0,0,7,5,4,0,1.0,2,0,1775.0305449954915,4.0
1293,0,11,5,17,4,1,0.0,2,16,1350.0,4.0
1294,0,19,5,27,4,1,0.0,2,1,1200.0,4.0
1295,0,3,4,5,0,0,0.0,1,15,1775.0305449954915,4.0
1296,0,32,5,9,0,5,0.0,2,9,1775.0305449954915,4.0
1297,0,10,1,5,4,1,0.0,2,0,1020.0,4.0
1311,1,30,4,5,4,0,0.0,2,2,1488.0,7.0
1312,1,12,8,5,4,0,0.0,2,2,3170.0,7.0
1313,1,12,6,5,4,0,0.0,2,0,1000.0,7.0
1314,1,30,4,5,4,0,0.0,2,7,1212.0,7.0
1315,1,30,4,5,4,0,0.0,2,3,1250.0,7.0
1316,1,12,3,5,4,0,0.0,2,0,3000.0,7.0
1317,1,12,5,5,4,0,0.0,2,0,750.0,7.0
1318,1,12,8,5,4,0,0.0,1,0,3140.0,7.0
1319,1,12,6,15,4,0,0.0,2,0,1000.0,7.0
1320,1,30,5,5,4,0,0.0,2,6,1100.0,7.0
1321,1,30,5,5,4,0,0.0,2,1,1095.0,7.0
1322,1,12,6,15,0,0,0.0,2,0,1000.0,7.0
1323,1,12,5,5,4,0,0.0,2,1,750.0,7.0
1324,1,30,4,5,4,0,0.0,2,7,1367.0,7.0
1325,1,30,5,5,4,0,0.0,2,2,1488.0,7.0
1326,1,12,6,5,4,0,0.0,2,0,1000.0,7.0
1327,1,12,4,5,0,0,0.0,0,0,750.0,6.0
1328,1,30,4,5,4,0,0.0,2,1,1600.0,6.0
1329,1,30,4,5,4,0,0.0,2,2,1745.0,6.0
1330,1,30,4,5,4,0,0.0,2,1,1200.0,6.0
1331,1,12,5,5,4,0,0.0,1,1,750.0,6.0
1332,1,12,4,5,0,0,0.0,2,0,750.0,6.0
1333,1,31,3,0,0,0,0.0,2,0,3000.0,6.0
1334,1,6,7,5,4,0,0.0,0,1,1775.0305449954915,6.0
1335,1,6,7,5,4,0,0.0,0,0,40.0,5.0
1336,1,31,5,5,0,0,0.0,2,6,795.0,5.0
1337,1,12,4,5,0,20,0.0,2,1,1775.0305449954915,4.0
1338,1,34,4,5,0,63,0.0,2,9,1775.0305449954915,4.0
